patientId,voornaam,achternaam,stad,provincie,postcode,straat,huisnummer,gender,telefoonnummer,email,toestemmingDigitaalPatientDossier
1,Brian,Chotzen,Teerns,Zuid-Holland,8689 DI,Jaysonbaan,290,Non-binary,+31(0)30-7354403,hbooden@example.com,False
2,Tijn,Spaan,Hallum,Zuid-Holland,6644XY,Alilaan,278,Female,(0001) 515855,frerichsalicia@example.net,False
3,Wouter,Oemencs,Pietersbierum,Friesland,7873 LP,Dirkring,255,Non-binary,(0604) 373451,laurenssalet@example.com,False
4,Livia,Mijsberg,Vlierden,Overijssel,9399CB,Leondreef,325,Male,+31159 759385,adriaensdrimke@example.net,True
5,Emily,van der Plas,Griendtsveen,Utrecht,6723 HT,Milastraat,328,Non-binary,0229-258390,amulder@example.org,False
6,Selina,Nedermeijer,Benthuizen,Limburg,6010TW,Janneweg,477,Female,+31(0)64-4805105,jessepeterse@example.com,True
7,Siem,Laffray,Weurt,Zeeland,8297YI,Lisanneboulevard,125,Male,0394 070375,ibrahimarts@example.org,False
8,Isa,Hekker,Loo Gld,Friesland,6881 NE,Martstraat,135,Female,+31(0)00 5503856,jipschuylenborch@example.net,False
9,Pepijn,Osterhoudt,Kattendijke,Zeeland,9629TP,Leonweg,367,Non-binary,(014) 1929736,nynkemolenaar@example.com,True
10,Florian,van Luyssel,Lippenhuizen,Noord-Holland,3731RE,Yinthesteeg,247,Female,(078)-1540104,meganvan-metz@example.net,False
11,Zeynep,van de Plas,Oijen,Zuid-Holland,3940JC,Amiradreef,269,Female,+3153-6240377,jakecoenen@example.org,True
12,Dylano,van den Nyeuwenhuysen,Nederasselt,Utrecht,9949 DO,Rikstraat,343,Male,+31260 910522,madsvan-den-corput@example.net,False
13,Olivier,Hoeks,Neerkant,Noord-Brabant,8071GP,Aiméedreef,421,Non-binary,(0571) 453976,xbrouwer@example.net,False
14,Isabel,Vierdag,Amsterdam-Duivendrecht,Drenthe,1409 TO,Indysteeg,468,Non-binary,020 5986337,unruoch-hunerikguusje@example.net,False
15,Frederique,Jacquot,Vegelinsoord,Noord-Holland,1675JN,Niekring,253,Female,+31(0)332 738029,vlelijveld@example.org,True
16,Floortje,Bleijenberg,Surhuisterveen,Zuid-Holland,5255AZ,Lisaring,86,Non-binary,038 5787038,jackjansen@example.net,False
17,Jelte,van de Darnau,Lutten,Zuid-Holland,8472 OD,Joëlboulevard,82,Non-binary,(009) 5742144,ibrahimoversteeg@example.com,True
18,Faas,Huberts,Oirsbeek,Noord-Holland,9517 GQ,Aylinring,140,Female,015 2417229,fvan-der-linden@example.com,True
19,Joris,Chotzen,Zeijerveld,Utrecht,9543 OP,Vincering,98,Male,0713 624556,laurensvan-der-zijl@example.net,False
20,Daniel,Lieshout,Gasselternijveenschemond,Friesland,2415 AO,Dexpad,172,Female,073 8648514,yasminvan-rossum@example.net,True
21,Merel,van Dokkum,'s-Hertogenbosch,Friesland,7160 HH,Liamdreef,66,Male,+31(0)188 110725,mick63@example.net,False
22,Aimée,Tillmanno,Schoonebeek,Noord-Brabant,1406 AZ,Maartjehof,301,Non-binary,(094)-4994471,loepfenna@example.net,False
23,Sten,Bouwhuisen,Culemborg,Drenthe,9705 MB,Nadinepad,309,Female,+3100 3244609,elisabethbave@example.com,True
24,Indy,Krabbe,Clinge,Gelderland,8736 OB,Keanolaan,409,Non-binary,077 1011801,berend65@example.org,False
25,Noud,Roodesteijn,Hornhuizen,Gelderland,7310 RR,Muhammedboulevard,396,Male,(090)-6953435,luittenbosch@example.net,True
26,Xavi,Hemma van Allemanië,Wijster,Flevoland,6859 AJ,Tobiassteeg,402,Female,+31(0)399-054723,yspies@example.org,False
27,Noa,Schrant,Klein Zundert,Zuid-Holland,9989 PA,Jessehof,412,Female,028-5722016,maaike33@example.com,False
28,Twan,Winnrich,Heeswijk-Dinther,Gelderland,6408CQ,Catharinadreef,35,Female,051 4048979,wvan-de-brink@example.net,True
29,Alexander,Otte,Saaksum,Overijssel,2727 YR,Hiddeweg,80,Female,+31(0)842-228270,esmee41@example.com,False
30,Sander,van Haspengouw,Knegsel,Zeeland,7800GT,Beratlaan,59,Male,(074)-9063118,demivan-saksen@example.net,False
31,Emma,Verwoert,Puiflijk,Zuid-Holland,4055 FZ,Chrisbaan,242,Non-binary,+31(0)13 0551157,ties22@example.org,True
32,Kian,van Oudewater,Beugen,Limburg,7758DR,Amirasingel,372,Non-binary,(0571)-618904,timo62@example.org,False
33,Demi,Spaan,Doldersum,Zuid-Holland,7515XE,Bramring,95,Male,(0077)-020123,ubave@example.com,True
34,Guusje,Lankle,Haren,Groningen,4934ZV,Charlottesteeg,86,Non-binary,+31(0)77 8420598,rensde-groot@example.org,True
35,Vera,Bernaards,Bredevoort,Groningen,4683 KO,Melissaweg,98,Male,(0671) 851144,van-den-broekhidde@example.org,False
36,Azra,van Limburg,'t Goy,Zuid-Holland,2220 ML,Feddeboulevard,370,Female,+31358-615463,dennenbergwessel@example.net,True
37,Collin,Beekman,Vries,Zeeland,4794 LV,Pleunweg,186,Female,+3104 4525423,livd-heripon@example.com,True
38,Sem,Boer,Colijnsplaat,Zuid-Holland,9238SR,Joeyweg,378,Female,(0947) 056603,yvan-maasgouw@example.net,False
39,Alex,van Embden,Roodeschool,Friesland,3410 HV,Ceylinsteeg,25,Female,+31(0)535 070691,kaisas@example.net,True
40,Joost,van Ginneke,Wergea,Zuid-Holland,9509 VC,Jayring,89,Male,0700-689714,lottearts@example.net,False
41,Nadia,Pastoors,Heesselt,Overijssel,7492JJ,Aiméesteeg,428,Male,+3191-0350033,boodenroos@example.org,True
42,Dean,Haring,Amstelhoek,Zuid-Holland,3723 PA,Ayaring,355,Male,076-2824756,mombergalyssa@example.net,False
43,Lois,Tillmanno,Nieuwe Niedorp,Noord-Holland,3757AN,Kyrahof,32,Female,+3167 9293838,van-der-spaendonceliza@example.org,False
44,Jens,Galijn,Appingedam,Zeeland,5645 OQ,Lindseysteeg,313,Non-binary,+31(0)278-491629,helenawestermann@example.net,True
45,Elif,van Berkel,Bergen (NH),Noord-Holland,5909ZU,Livbaan,235,Non-binary,(030) 2457383,van-beaumontjamie@example.net,False
46,Mila,Smits,Hommerts,Limburg,6054BM,Adamsteeg,21,Non-binary,0071-710228,stellade-bruin@example.com,False
47,Bart,Boddaugh,Herbaijum,Zuid-Holland,9053 QF,Bibilaan,128,Non-binary,084-5099886,thomas74@example.com,True
48,Madelief,van den Brink,Weert,Groningen,3684 NZ,Bryanlaan,374,Non-binary,+3137-9264044,aidenvan-der-velden@example.org,False
49,Mia,Meis,Winterswijk Henxel,Overijssel,4360HE,Mikaring,463,Male,+31(0)54-4104985,mathieumadelief@example.org,False
50,Fiene,Pison,Scheemda,Zeeland,4086 KE,Woutlaan,300,Female,(0636) 090672,julietteroom@example.org,False
51,Jules,Verhaar,Swichum,Gelderland,4844EF,Elisastraat,374,Female,+31(0)15-6345917,lizz92@example.net,False
52,Tijmen,Martens,De Moer,Utrecht,6423 QU,Barthof,472,Male,083-7500549,mette28@example.com,False
53,Valentijn,van Nimwegen,Midlum,Noord-Holland,6465TU,Bassingel,493,Non-binary,(079)-0602309,timjones@example.net,False
54,Jonathan,Smit,Zetten,Noord-Holland,1216PE,Liamhof,269,Non-binary,0772 877344,uphuissofie@example.net,True
55,Cornelis,van Wijland,Meedhuizen,Zeeland,2219ZN,Esmeelaan,302,Male,(0862)-064545,fkortman@example.com,True
56,Noah,d' Heripon,Blitterswijck,Limburg,9752US,Tychosteeg,319,Male,(075)-0645065,rafaelde-keijzer@example.com,False
57,Nadia,Neuteboom,Den Oever,Noord-Holland,1613 MO,Matthiassingel,306,Non-binary,(0016) 243836,hvan-der-laar@example.net,False
58,Danique,van Mil,Nijemirdum,Gelderland,8021OH,Sampad,447,Non-binary,+31(0)79-7868130,jremmers@example.net,True
59,Vigo,Bruynzeels,Mander,Flevoland,7391XD,Eviedreef,424,Male,+3106-5406339,anouk24@example.com,False
60,Riley,van der Laarse,Kerkenveld,Limburg,1979 YE,Nielspad,269,Male,0841-508663,gvan-de-wal@example.com,False
61,Rens,de Werd,De Rijp,Overijssel,8096ED,Quintensingel,339,Non-binary,(004)-8125691,nathan54@example.net,True
62,Willem,Molegraaf,Delfgauw,Friesland,5076RS,Stijnsingel,73,Non-binary,+31(0)31 4271832,pvan-der-sloot@example.org,False
63,Timo,Godfrey van Alemannië,Uithuizermeeden,Gelderland,5656 WC,Kyanopad,148,Non-binary,(0012)-996305,aoosterhek@example.com,True
64,Zakaria,Ramaker,Boer,Drenthe,3410 HM,Juliastraat,433,Male,0477-835498,sterrepasman@example.com,True
65,Valerie,Tammerijn,Wervershoof,Drenthe,9480 LB,Isabelsingel,413,Non-binary,070-1024704,luitgardis-van-neustrietara@example.com,False
66,Fenne,van de Eerenbeemt,Sebaldeburen,Zuid-Holland,8071ID,Saarsingel,53,Male,(047) 1587217,tijmenvan-haarlem@example.net,False
67,Aya,de Gruil,Sint Agatha,Gelderland,5634 QD,Fabianpad,304,Female,+31017 213351,zoe99@example.com,False
68,Justin,Klerks,Niawier,Utrecht,6217SM,Sarahring,329,Female,(0238) 560147,riemalex@example.org,False
69,Vince,van de Biesenbos,Wanneperveen,Utrecht,1776LE,Fennesteeg,231,Male,+31(0)50-8288903,xvan-den-eijssel@example.net,False
70,Floor,Nek,Teerns,Noord-Holland,2599FF,Loisring,78,Non-binary,+31(0)93 6099896,poncidion@example.com,True
71,Felix,Pastoors,Drieborg,Gelderland,5972 JH,Alyssaweg,291,Female,+31426 998234,dionvan-den-corput@example.org,True
72,Dina,Schrant,Udenhout,Overijssel,9732 CE,Merijnstraat,295,Male,(065)-3434935,emma23@example.org,True
73,Noud,van Hulten,Westmaas,Utrecht,1106 FL,Dirklaan,412,Male,+3128-4435505,olivia11@example.com,False
74,Lena,van Grondelle,Helvoirt,Noord-Holland,2330 XE,Laurenssingel,187,Female,(0257)-474286,muldermehmet@example.com,False
75,Dewi,van der Sande,Westmaas,Friesland,5433BO,Haileyweg,163,Male,+3190 1563367,van-mispelenimke@example.org,False
76,Sebastiaan,de Gruson,Houtigehage,Overijssel,7159 FG,Milaweg,475,Non-binary,(0972) 451839,tycho51@example.net,True
77,Merle,Jdotte,Eesterga,Noord-Brabant,2497 MU,Dexpad,35,Female,0140-758318,timmermansnick@example.org,False
78,Lola,Simons,Hoornaar,Flevoland,9191DA,Jeltedreef,19,Male,+31266-290038,nynke50@example.net,True
79,Linde,Blaak,Koewacht,Friesland,1531BR,Jasmijnlaan,220,Female,(092) 1708356,hendrikseemily@example.com,False
80,Mason,Fremie,Lievelde,Zeeland,1820WV,Meesdreef,467,Male,036-8821780,boschdaniel@example.com,False
81,Hidde,de Bruyn,De Wilgen,Drenthe,8414 LQ,Jaysonweg,118,Non-binary,+31(0)160 527385,wesley16@example.com,False
82,Loes,Kuipers,Zelhem,Zuid-Holland,5050 DK,Sebastiaanstraat,87,Male,+31(0)11 5375000,ilsede-graaf@example.net,True
83,Amélie,Dorsman,Strijen,Zeeland,4576CE,Merlestraat,222,Female,015-6799114,qruijs@example.com,False
84,Mohamed,van Nes,Hurwenen,Noord-Brabant,2458EF,Sannesingel,130,Female,+31(0)682 681002,sbroeders@example.org,False
85,Ali,Vignon,Krewerd,Zeeland,3264 YI,Feddepad,282,Non-binary,+3137-6684656,le-marecvalentijn@example.org,True
86,Eva,de Groot,Rijsbergen,Groningen,6824PI,Haileyweg,10,Male,+3190 2273067,nlorreijn@example.org,False
87,Sten,Brandt,Weiteveen,Friesland,2956XJ,Beratring,95,Female,+31(0)05 3020509,spiermick@example.org,True
88,Berat,Reimes,Holthone,Zeeland,5144YO,Corneliabaan,289,Male,+31(0)735 467034,fvan-boulogne@example.net,False
89,Rosalie,Walsteijn,Zoelen,Groningen,8685 XF,Evipad,435,Female,+31(0)016-892582,damian94@example.com,False
90,Jayda,Pauwels,Oude Niedorp,Flevoland,1895 DA,Maxring,447,Female,+31(0)214-026088,jacobtuithof@example.com,False
91,Mason,Smits,Lievelde,Groningen,8439 HO,Bartsteeg,470,Male,(081) 4940190,jbrievingh@example.com,False
92,Jurre,Salet,Kapelle,Zeeland,7845JZ,Amirasteeg,296,Female,(060) 2163145,laurens04@example.net,True
93,Joost,Duivenvoorden,Tuil,Utrecht,9530RA,Youssefsteeg,497,Non-binary,095-8249742,yhoudijk@example.com,False
94,Jorn,Persijn,Wilbertoord,Drenthe,2952 BM,Tychosteeg,244,Male,(019)-2122530,johannesvan-der-strigt@example.org,True
95,Rens,van Parijs,Ilpendam,Noord-Holland,5391PP,Mohammedhof,69,Female,+31573-332728,lbos@example.net,False
96,Pien,Kloppert,Wilbertoord,Utrecht,5216IS,Lucweg,155,Male,+3123-9072869,zhuijs@example.net,True
97,Tygo,Uphaus,Boxmeer,Overijssel,7861 MN,Corneliasingel,239,Non-binary,+31(0)454 555199,kyra45@example.org,False
98,Jasmijn,van Mare,Venhorst,Gelderland,3190 ZT,Eliseweg,157,Non-binary,021 8113868,billungmatthijs@example.net,False
99,Nick,Willemsen,Weesp,Zeeland,1020 NH,Timweg,394,Male,(047) 1417130,kai22@example.net,True
100,Dex,van der Meulen,Broekhuizenvorst,Overijssel,8328 PE,Milosingel,1,Non-binary,006 9136135,isabel68@example.net,True
101,Hugo,Geerts,Roden,Noord-Brabant,3230LF,Victoriahof,81,Male,+31(0)55 7658144,veenendaaltara@example.com,True
102,Johannes,Sanders,Hoorn,Zuid-Holland,4931 ZR,Brentstraat,324,Male,+31382 195192,jesse17@example.org,True
103,Esila,van Es,Siegerswoude,Zuid-Holland,2806LG,Bryanhof,359,Non-binary,009 6331157,sil37@example.net,True
104,Imke,Vallenduuk,Dodewaard,Overijssel,5415UO,Stellalaan,290,Female,+31(0)69-8410336,jellele-marec@example.net,False
105,Linn,Amalrada,Spanga,Utrecht,6080 AE,Aaliyahlaan,233,Male,(059)-3482603,van-berniciapepijn@example.com,False
106,Rowan,Brievingh,Midlaren,Flevoland,3281RJ,Romystraat,435,Male,+31(0)57-9497542,ede-gruijter@example.org,False
107,Cato,Tamsma,Huijbergen,Noord-Holland,5703IL,Lucassteeg,249,Non-binary,(0247)-755777,xrijn@example.com,False
108,Rafael,Salet,Elsloo,Groningen,4479 MB,Aidenpad,430,Non-binary,+31(0)95 6769250,merijnrousselet@example.org,False
109,Lois,Kortman,Kattendijke,Overijssel,6019 JH,Olivierring,116,Female,094 6833082,gvan-spreeuwel@example.net,False
110,Amy,Arent,Oosterend,Zuid-Holland,6094TE,Danielweg,90,Non-binary,097-1968251,hvan-embden@example.net,True
111,Maartje,den Haag,Wommels,Noord-Holland,2390GF,Noutring,90,Female,+3170-6003237,hulskesdaniel@example.net,False
112,Juliette,Jdotte,Maashees,Zeeland,5952OL,Hugoring,149,Female,(011) 5171178,twandrysdale@example.com,True
113,Tijs,Ketel,Daarle,Limburg,4400YQ,Koensingel,276,Female,+3179-0180914,stenvastenhouw@example.org,False
114,Mats,Corstiaens,Haarsteeg,Noord-Brabant,4706LN,Bradleybaan,213,Non-binary,+3179 9795385,oude-heerjurre@example.com,True
115,Tess,Oosterhek,Jelsum,Flevoland,4048GC,Indyring,110,Male,+3163-1053123,npotters@example.net,True
116,Willem,van Clootwijck,Lies,Utrecht,7519 HZ,Silkelaan,174,Non-binary,+3167 8469338,hakkerjinthe@example.net,True
117,Ella,van de Brink,Egchel,Drenthe,4283 YC,Faasdreef,263,Female,0190 335853,nout52@example.net,True
118,Mick,de Jong,Daarle,Utrecht,6049GN,Eliseweg,251,Male,(0602) 821965,alicia39@example.org,True
119,Twan,de Smit,Lelystad,Limburg,6829DK,Amelialaan,188,Non-binary,+31709 134086,tde-bruijn@example.net,True
120,Saar,de Gruil,Roderwolde,Drenthe,5457 HV,Femkeweg,143,Male,+31436 111111,bibivan-der-hoeven@example.org,False
121,Kate,le Gulcher,Feinsum,Flevoland,6742VA,Thomasdreef,163,Female,(0168) 461369,lanklesenna@example.org,False
122,Aaliyah,van den Broek,Valthermond,Zuid-Holland,1927GS,Seplaan,481,Female,+3186 2912559,xsteenbeek@example.com,False
123,Stefan,Amalrada,Renesse,Noord-Holland,9736QM,Norahsingel,439,Female,+31630 867615,floorkof@example.org,True
124,Bastiaan,de Groot,Kruisland,Overijssel,4657WO,Joybaan,440,Male,(021)-8514612,thomas76@example.com,False
125,Fleur,Oosterhek,Exmorra,Drenthe,9117BW,Victorbaan,243,Male,079 4189635,meletlisa@example.net,True
126,Sophie,Bos,Elahuizen,Flevoland,7347CM,Dirkweg,36,Non-binary,(0097)-125047,dirkvan-oirschot@example.net,False
127,Hannah,Groen,Wormer,Noord-Holland,9025EX,Noadreef,432,Non-binary,+31(0)662-441359,dkamper@example.net,False
128,Julian,de Hoogh,Bitgum,Limburg,1449WX,Mauritssingel,154,Male,(0014) 799649,bprins@example.com,False
129,Ayden,Spaan,Winterswijk Corle,Noord-Brabant,6120 FU,Annabelring,18,Male,050 8515892,ivyhoogers@example.net,False
130,Pieter,Lucas,Beets,Flevoland,8957 HV,Thijnbaan,480,Non-binary,+31(0)608 333965,jayda83@example.org,True
131,Jan,van der Sande,Nieuwaal,Zuid-Holland,9388OX,Mikeweg,52,Non-binary,0560-708828,sbelpere@example.net,True
132,Luna,Hak,Keent,Friesland,4366 GO,Liviadreef,6,Female,+31(0)887 906181,jan86@example.com,False
133,Tara,van Mispelen,Swolgen,Utrecht,2004 KK,Sepstraat,156,Male,+3120 6892553,van-velzenbenjamin@example.net,False
134,Elisa,Sire,St. Willebrord,Overijssel,4696VG,Jaydastraat,451,Male,0898 754152,laurensvan-den-nyeuwenhuysen@example.com,False
135,Milan,van der Heijden,Echten,Noord-Holland,1949CN,Noëlledreef,13,Female,060 4641840,fvan-oirschot@example.net,False
136,Keano,Engels,Delft,Limburg,9426 QT,Merlebaan,331,Non-binary,0157-480484,ljanssens@example.net,False
137,Tijs,Spier,Wezup,Zeeland,7088LE,Thijmensingel,349,Non-binary,+31(0)30-3811940,ameliadirksen@example.net,True
138,Imke,Dorsman,Groesbeek,Groningen,6730OJ,Suusboulevard,88,Female,+31(0)413-592587,isade-gratie@example.org,True
139,Nora,Houdijk,Aerdt,Noord-Holland,1962 CY,Finnlaan,424,Male,0441-090933,laurensvan-saksen@example.com,False
140,Kaylee,Dennenberg,Ven-Zelderheide,Gelderland,3966LB,Daniëlhof,180,Male,0998-048291,fiereromy@example.com,False
141,Leah,Bresé,Vijlen,Friesland,4729LM,Victoriahof,320,Male,+31379 924251,van-bunschotenlisa@example.org,False
142,Naud,van der Meulen,Amstelhoek,Utrecht,2181 LC,Elenapad,316,Female,+31515 090083,luka02@example.net,True
143,Koen,Levesque,Puiflijk,Drenthe,9992 AD,Felixlaan,211,Male,+31(0)000 215084,isabella31@example.net,False
144,Selina,Palman,Formerum,Overijssel,5778MX,Tesssteeg,252,Male,0319 678721,lisanne45@example.com,True
145,Jurre,van Geest,Noordeloos,Friesland,9966NS,Alyssastraat,132,Male,+31(0)03 4582554,senna07@example.org,True
146,Rowan,Spreeuw,Herpt,Utrecht,1862 DL,Aiméehof,418,Male,+31870-874776,johannade-jonge@example.net,True
147,Annabel,Bökenkamp,Smakt,Utrecht,2663 CW,Nadialaan,14,Female,(0419) 681682,hcoolen@example.net,True
148,Jake,Wolfswinkel,Jellum,Zuid-Holland,1556UZ,Kaisteeg,193,Male,+31(0)018 259209,svan-ochten@example.net,False
149,Floortje,Scholten,Anjum,Overijssel,9064 ZK,Isissteeg,243,Non-binary,+3151 8028434,umulder@example.com,False
150,Kick,Frankhuizen,Heide,Gelderland,1026PE,Maartjestraat,284,Non-binary,(071)-5957284,dexshupe@example.com,False
151,Victor,Oda,Goes,Utrecht,1009 NF,Suushof,140,Non-binary,(0433) 052502,lucybruynzeels@example.org,False
152,Giel,Gruijl,Cromvoirt,Drenthe,9577 TE,Tiesweg,284,Female,064 0368501,van-den-heuveljim@example.net,False
153,Hanna,Potters,Kapellebrug,Zuid-Holland,5622RA,Pepijnbaan,455,Non-binary,059-2953446,michael53@example.com,False
154,Bradley,Uphuis,Schiermonnikoog,Flevoland,2879MI,Floriandreef,98,Non-binary,+31(0)273-661846,waardeloothijmen@example.com,True
155,Amir,Peters,Westerland,Flevoland,7073WW,Stijnhof,470,Male,0797-469750,stan98@example.com,True
156,Annemijn,van Parijs,Meeden,Zuid-Holland,8354HE,Ayapad,397,Female,(0916)-845520,van-der-smeedebram@example.com,False
157,Mika,van Geenen,Zelhem,Flevoland,1791YW,Lievesingel,278,Male,+31415 378417,sannebresse@example.net,False
158,Quinten,Jeggij,Loerbeek,Gelderland,8591 DG,Valeriering,134,Non-binary,+31155-741610,maryam09@example.net,True
159,Suus,Sanders,Drachten,Overijssel,2563 UL,Hannahsingel,500,Female,0189 711619,dion11@example.net,False
160,Leah,Stuivenberg,Bocholtz,Groningen,6615 TE,Angelinaring,158,Non-binary,(0939) 665518,david93@example.net,False
161,Bradley,Arent,Casteren,Limburg,6546LV,Hamzapad,301,Female,089-0040434,bvan-stralen@example.com,True
162,Demi,van der Berg,Eefde,Overijssel,2654OP,Jorisring,416,Female,+31(0)60-0120986,dvan-hulten@example.net,True
163,Nikki,Veenendaal,IJzendoorn,Noord-Brabant,7842 XL,Nathanlaan,218,Male,+3139 6491369,ninthe53@example.com,True
164,Senn,Stichter,Hunsel,Limburg,3273QT,Elifhof,66,Male,+3110 3349803,adorsman@example.com,False
165,Selena,de Marduras,Hooghalen,Noord-Holland,4239 NF,Dirklaan,469,Female,052-4054739,ilsebresse@example.com,False
166,Niels,Bosch,Renkum,Noord-Holland,2007KF,Caspersingel,475,Female,009-5507007,puigzoe@example.net,False
167,Jinthe,van Berkum,De Blesse,Flevoland,7037 BS,Evapad,335,Non-binary,038-7091290,tirza98@example.org,True
168,Jack,Smeets,Susteren,Noord-Holland,9942 QV,Tirzasingel,97,Female,+31(0)19-0092121,danielmathol@example.com,True
169,Guus,Wildschut,Ulft,Zuid-Holland,7501 BJ,Owenring,439,Non-binary,+3192-8827651,bouwhuisensenna@example.org,True
170,Stefan,Lieshout,Eexterveenschekanaal,Drenthe,3202NX,Aaliyahweg,321,Non-binary,010-1880137,van-ommerenyasmin@example.com,False
171,Esther,Sanders,Valkenburg,Groningen,3513 MR,Melissaweg,108,Non-binary,+31(0)273-131704,quinngellemeyer@example.org,False
172,Nathan,Guit,Bronneger,Drenthe,4099RW,Samstraat,203,Non-binary,003-0771220,van-der-pluijmmatthias@example.com,False
173,Anne,Govarts,Muiderberg,Noord-Brabant,6579 TQ,Sterreboulevard,37,Non-binary,+31(0)12 0989267,jensbelpere@example.org,True
174,Joshua,van Landen,Veere,Flevoland,9647FJ,Michastraat,112,Non-binary,+31485-791698,boosterhout@example.org,False
175,Amber,Marchal,Vollenhove,Noord-Holland,9811 YD,Stenhof,37,Non-binary,047 0604543,rheerkens@example.org,True
176,Tristan,"Bourgondië, van",Frieschepalen,Overijssel,6639 DK,Maartjesteeg,490,Male,008-1746589,alexander34@example.net,False
177,Quinten,Broeckx,Driezum,Friesland,6174IY,Lotteweg,333,Non-binary,+31(0)133 219255,kevintimmermans@example.org,True
178,Mirte,van der Maes,Noorbeek,Overijssel,1786 NK,Arthurpad,311,Female,(027)-1501738,beekmanlieve@example.org,True
179,Senna,de Jong,Sibrandabuorren,Gelderland,8744 VC,Kyarastraat,108,Female,(0685) 080534,tvan-eck@example.com,False
180,Aiden,de Plantard,Urmond,Overijssel,3606ED,Loïsbaan,4,Non-binary,+31(0)127 782096,van-der-strigtbenthe@example.com,False
181,Imke,Kort,Roosendaal,Zuid-Holland,8458SC,Taraweg,412,Male,0325-594455,selinadie-bont@example.net,True
182,Joey,Bud,Boesingheliede,Overijssel,7138SV,Janweg,102,Female,+31(0)24 3343427,van-den-polleon@example.org,False
183,Dylano,Ariens Ansems,Hellum,Utrecht,8200 SM,Robinhof,122,Non-binary,0256-720064,ruijsben@example.net,False
184,Pepijn,Blewanus,Sprundel,Noord-Brabant,3334GM,Nikkihof,5,Non-binary,+31(0)351 697074,sofievan-straaten@example.net,False
185,Ivan,van Bunschoten,Leermens,Gelderland,6695 DW,Frederiquedreef,71,Male,+3198 3872180,zvan-bovene@example.net,True
186,Lize,Hendriks,Ingen,Friesland,9026 WN,Teunhof,316,Male,+3156-6069540,evie74@example.org,False
187,Suze,van den Nuwenhuysen,Harich,Friesland,1661IU,Jannasingel,168,Male,+3134-6646966,lariens@example.org,False
188,Sophie,Spier,Meterik,Groningen,2673 DZ,Tessasingel,47,Female,+31(0)370 046861,jayson85@example.org,False
189,Suus,van de Pol,Naaldwijk,Noord-Brabant,1148 NA,Nicksteeg,423,Female,+31005-299424,brieresenn@example.com,False
190,Ceylin,Dries,Holsloot,Overijssel,6762UG,Duuklaan,77,Male,+31975-420285,meessmit@example.com,True
191,Sam,van Egisheim,Terwispel,Zeeland,3842ES,Lindseyhof,174,Male,+3128 9960146,ali53@example.org,True
192,Olivier,Schrant,Vrouwenakker,Utrecht,4737 ST,Ecrinsingel,490,Male,+31(0)293 681793,woltersmatthias@example.org,True
193,Wouter,de Jong,Mildam,Utrecht,2614 WX,Joëllestraat,309,Female,+31(0)60-0142885,spruitesmee@example.org,False
194,Leon,Ramaker,Wilp,Utrecht,9308YJ,Laurendreef,446,Male,(085) 4796933,nina32@example.net,True
195,Hugo,van Spreuwel,Noordwolde,Zuid-Holland,1434HK,Mohammedbaan,296,Female,(021)-1607579,mehmet77@example.com,True
196,Lisa,van 't Houteveen,Neerkant,Overijssel,6330QZ,Jannering,7,Non-binary,+31(0)87 6237523,verhaarthijs@example.com,False
197,Kick,van den Broek,Kruiningen,Gelderland,9296DH,Stefhof,301,Female,(0930)-622626,laura54@example.com,True
198,Mehmet,Scholten,Wilp,Gelderland,1851 GC,Lisahof,76,Male,0532-323987,johanna89@example.com,True
199,Esmee,van der Heijden,Langedijke,Zeeland,2472 HM,Kyraboulevard,409,Female,0677 143489,tbeekman@example.com,True
200,Collin,van Stralen,Ubbergen,Groningen,4179 BI,Aliciahof,123,Female,+31(0)860-755142,hvan-den-brink@example.org,True
